"Category Type","Category","Product","Report By","Starting Inventory Price","Starting Inventory Count","Starting Inventory Value","Purchased Units","Purchased Value","Ending Inventory Price","Ending Inventory Count","Ending Inventory Value","Used Units","Used Value","Cost %","Wasted Units","Wasted Values","Waste %"
"Food","Bread","Bread, Mini Baguette","Each",0.4325,120,51.9,440,190.3,0.4325,96,41.52,464,200.68,"0.09%",0,0,"0.00%"
"Food","Bread","Misc. Charges and Credits","",0,0,0,1,15,0,0,0,1,15,"0.01%",0,0,"0.00%"
"Food","Dairy","Eggs","Dozen",2.876299999997934,167.5690807364,481.978946922,330,949.19,2.8762999999978542,146.7580882643,422.1202892746,350.810993,1009.048658,"0.45%",0,0,"0.00%"
"Food","Dairy","Eggs, Liquid Yolks","Each",4.7833,12,57.3996,15,71.75,4.7833,11,52.6163,16,76.5333,"0.03%",0,0,"0.00%"
"Food","Dairy","Milk, Coconut (Silk)","Bottle (64 Ounces)",5.498299999988602,14.7701432391,81.2106785715,18,98.97,5.498300000011214,14.9662313535,82.288829851,17.803912,97.891849,"0.04%",0,0,"0.00%"
"Food","Dairy","Misc. Charges and Credits","",0,0,0,1,8.38,0,0,0,1,8.38,"0.00%",0,0,"0.00%"
"Food","Dairy","Yogurt, Coconut Vegan","Pound",6.13250000000144,31.889133768,195.5601128323,36,220.77,6.13249999999911,31.9676272838,196.0414743179,35.921506,220.288639,"0.10%",0,0,"0.00%"
"Food","Grocery and Dry Goods","Agar Agar","Pound",98.95999999987094,0.1787722103,17.6912979313,0,0,98.95999999685941,0.2355339674,23.3084414139," -0.056762"," -5.617143","0.00%",0,0,"0.00%"
"Food","Grocery and Dry Goods","Aroy-D, Coconut Milk","Fluid Ounce",0.10879999999979292,1614.1645098836,175.6210986751,5879.999904,639.5,0.10880000000021688,3368.3173789298,366.4729308274,4125.847035,448.648168,"0.20%",0,0,"0.00%"
"Food","Grocery and Dry Goods","Baking Soda","Each (Pound)",2.498799998566866,11.5413841195,28.8396106378,0,0,2.498800000543447,10.0363952674,25.0789444942,1.504989,3.760666,"0.00%",0.004694321,0.0117301693148,"0.31%"
"Food","Grocery and Dry Goods","Base, Chicken Powder","Pound",4.347800000127971,62.3097174857,270.9101896844,55.2,240,4.347799995825936,11.4062393313,49.5920473644,106.103478,461.318142,"0.20%",0.07333844605,0.31886089573619,"0.07%"
"Food","Grocery and Dry Goods","Beans, Chickpeas","Can",7.731700000007154,7.9166800001,61.2093947568,0,0,7.731699999980488,5.1666933334,39.9473228458,2.749987,21.262072,"0.01%",0,0,"0.00%"
"Food","Grocery and Dry Goods","Beans, Lentils Dry","Pound",2.6189999999945193,19.3228010955,50.6064160691,10,26.19,2.6189999999945193,12.645602191,33.1188321382,16.677199,43.677584,"0.02%",0,0,"0.00%"
"Food","Grocery and Dry Goods","Candy, Rock","Each",1.8666999982184915,24.5250101702,45.7808364846,0,0,1.866700000093356,17.2501069827,32.2007747046,7.274903,13.580062,"0.01%",0,0,"0.00%"
"Food","Grocery and Dry Goods","Cashews","Pound",12.798000000011392,25.9443506786,332.0357999852,0,0,12.797999999987523,16.3303452012,208.9957578846,9.614005,123.040042,"0.05%",0,0,"0.00%"
"Food","Grocery and Dry Goods","Coconut, Aminos","Gallon",47.80200000069922,0.0626409381,2.9943621231,5.5,226.66,41.21089997886064,4.0580298691,167.2350631305,1.504611,62.419299,"0.03%",0,0,"0.00%"
"Food","Grocery and Dry Goods","Coconut, Shredded","Pound",6.798000000301145,40.5450520985,275.6252641655,25,169.95,6.79800000437429,30.6876041858,208.6143332552,34.857448,236.960931,"0.11%",0,0,"0.00%"
"Food","Grocery and Dry Goods","Collagen Powder","Pound",17.559999999803832,9.3594049941,164.3511516963,2,35.12,17.560000000579947,6.6170565854,116.1955136408,4.742348,83.275638,"0.04%",0,0,"0.00%"
"Food","Grocery and Dry Goods","Creamer, French Vanilla","Fluid Ounce",0.14049999999920762,52.5000000672,7.3762500094,0,0,0.14049999999951485,77.5000000992,10.8887500139," -25"," -3.5125","0.00%",0,0,"0.00%"
"Food","Grocery and Dry Goods","Flour, Rice","Pound",0.7117999999990696,112.929910356,80.3835101914,100,71.18,0.7118000000158289,150.8598207121,107.3820203829,62.07009,44.18149,"0.02%",0,0,"0.00%"
"Food","Grocery and Dry Goods","Fried Shallots","Ounce",0.4739999999995926,451.1228731547,213.8322418753,768.000005,365.5,0.4817999999991367,704.7925206431,339.5690364458,514.330357,239.763205,"0.11%",0,0,"0.00%"
"Food","Grocery and Dry Goods","Garlic, Fried","Ounce",0.29960000000158715,183.2293477167,54.8955125759,0,0,0.2995999999940739,172.7886443223,51.7674778389,10.440703,3.128035,"0.00%",0,0,"0.00%"
"Food","Grocery and Dry Goods","Hoisin - Sauce Bottles","Each",4.3742,12,52.4904,12,52.49,0,0,0,24,104.9804,"0.05%",0,0,"0.00%"
"Food","Grocery and Dry Goods","Hoisin - Sauce Packets","Case",24.95,4,99.8,8,199.6,24.95,7,174.65,5,124.75,"0.06%",0,0,"0.00%"
"Food","Grocery and Dry Goods","Juice, Lime","Quart",5.100000000012618,1.5850105488,8.0835537989,0,0,5.1,1.452926334,7.4099243034,0.132084,0.673629,"0.00%",0,0,"0.00%"
"Food","Grocery and Dry Goods","Juice, Yuzu","Bottle",41.90329999990348,0.3600252075,15.0862442774,0,0,41.90330000018124,0.240016805,10.057496185,0.120008,5.028748,"0.00%",0,0,"0.00%"
"Food","Grocery and Dry Goods","Ketchup, Packets","Case",0,0,0,1,72.99,72.99,1,72.99,0,0,"0.00%",0,0,"0.00%"
"Food","Grocery and Dry Goods","Mango, Frozen","5 Pounds",11.583299999989594,24.8117130888,287.4015162215,84,964.28,11.220000000034622,28.2446037144,316.9044536755,80.567109,934.777063,"0.41%",0,0,"0.00%"
"Food","Grocery and Dry Goods","Misc. Charges and Credits","",0,0,0,1,33.19,0,0,0,1,33.19,"0.01%",0,0,"0.00%"
"Food","Grocery and Dry Goods","Molasses","Gallon",25.689999996498564,1.1807829114,30.3343129926,0,0,25.689999992997127,0.0903914557,2.3221564963,1.090391,28.012156,"0.01%",0,0,"0.00%"
"Food","Grocery and Dry Goods","Mustard, Dijon","Gallon",31.33500000046309,2.6061967849,81.6651762549,0,0,31.33500000004974,2.1728300617,68.0856299834,0.433367,13.579546,"0.01%",0.0291520586,0.913479756231,"6.73%"
"Food","Grocery and Dry Goods","Noodle, Pho","Pound",1.2,229.99999375,275.9999925,630.000001,756,1.2,339.99999375,407.9999925,520.000001,624,"0.28%",0,0,"0.00%"
"Food","Grocery and Dry Goods","Noodle, Vermicelli (Ban Hoi)","Pack",2.2375,43,96.2125,40,89.5,2.2375,15,33.5625,68,152.15,"0.07%",0,0,"0.00%"
"Food","Grocery and Dry Goods","Noodles, Tofu Shirataki Fettucine","Case",25.949999999996667,4.0000000096,103.8000002491,17,441.15,25.949999999996667,6.0000000096,155.7000002491,15,389.25,"0.17%",0,0,"0.00%"
"Food","Grocery and Dry Goods","Oats","Pound",1.1978000000431044,133.1557638719,159.4939739659,100,119.78,1.1977999999695172,87.7027741386,105.0503828633,145.45299,174.223591,"0.08%",0,0,"0.00%"
"Food","Grocery and Dry Goods","Oats, Gluten Free","11-LB (Bag)",0,0,0,1,19.5,19.5,1,19.5,0,0,"0.00%",0,0,"0.00%"
"Food","Grocery and Dry Goods","Oil, Avocado","Pound",4.5183000000300195,391.9752998665,1771.061997387,350,1581.4,4.518300000073825,368.8051828968,1666.3724578831,373.170117,1686.08954,"0.75%",1.752676398,7.9191177690834,"0.47%"
"Food","Grocery and Dry Goods","Oil, Fruit","Case",96.5,6,579,6,579,96.5,6,579,6,579,"0.26%",0,0,"0.00%"
"Food","Grocery and Dry Goods","Paste, Miso","Pound",0,0,0,4,47.99,0,0,0,4,47.99,"0.02%",0,0,"0.00%"
"Food","Grocery and Dry Goods","Paste, Miso Chickpea","Pound",12.945000001244368,1.1396290045,14.7524974636,0,0,12.945000001065322,1.279258009,16.5599949271," -0.139629"," -1.807497","0.00%",0,0,"0.00%"
"Food","Grocery and Dry Goods","Paste, Red Curry","Each",8.25,11.1333333348,91.8500000121,0,0,8.250000000020833,7.4000000014,61.0500000116,3.733333,30.8,"0.01%",0,0,"0.00%"
"Food","Grocery and Dry Goods","Paste, Tamarind","Pound",5.649999999963854,36.9370301866,208.6942205542,0,0,5.649999999980155,36.5450969599,206.4797978234,0.391933,2.214423,"0.00%",0,0,"0.00%"
"Food","Grocery and Dry Goods","Paste, Tomato","Can",2.8312999999935,36.00000003,101.9268000849,0,0,2.8313000000101667,31.500000015,89.1859500425,4.5,12.74085,"0.01%",0,0,"0.00%"
"Food","Grocery and Dry Goods","Peanut Butter","Pound",3.60829999999532,115.999999995,418.5627999819,36,129.9,3.60830000000172,115.1666666575,415.5558833003,36.833333,132.906917,"0.06%",0,0,"0.00%"
"Food","Grocery and Dry Goods","Peanuts, Crushed","Pound",1.866300000007156,88.623437487,165.397921382,30,55.99,1.8663000000008867,117.312357468,218.9400527426,1.31108,2.447869,"0.00%",0,0,"0.00%"
"Food","Grocery and Dry Goods","Peppers, Chili Dried","Pound",4.9899999995965985,7.7731075013,38.7878064309,5,24.95,4.990000001463207,10.6603981779,53.1953869075,2.112709,10.54242,"0.00%",0,0,"0.00%"
"Food","Grocery and Dry Goods","Potato Starch","Pound",1.1,75.203927757,82.7243205327,0,0,1.1,57.065711028,62.7722821308,18.138217,19.952038,"0.01%",0.1736898762,0.19105886382,"0.96%"
"Food","Grocery and Dry Goods","Puree, Dragonfruit","Bottle (Kilogram)",18.509999999962485,15.4603917718,286.171851696,0,0,18.509999999655893,3.2823939448,60.7571119178,12.177998,225.41474,"0.10%",0,0,"0.00%"
"Food","Grocery and Dry Goods","Puree, Guava","Bottle (Kilogram)",10.481700000031232,13.6978633352,143.5768941206,0,0,10.481699999982002,11.3437233368,118.9015048993,2.35414,24.675389,"0.01%",0,0,"0.00%"
"Food","Grocery and Dry Goods","Puree, Kalamansi","Bottle",15.500000000027429,2.9114583345,45.1276041848,0,0,15.5,10.260416667,159.0364583385," -7.348958"," -113.908854"," -0.05%",0,0,"0.00%"
"Food","Grocery and Dry Goods","Puree, Lychee","Bottle (Kilogram)",18.081700000046848,12.260416668,221.6891760658,0,0,18.081699999383652,20.8975561141,377.8633403877," -8.637139"," -156.174164"," -0.07%",0,0,"0.00%"
"Food","Grocery and Dry Goods","Puree, White Peach","Bottle (Kilogram)",11.7649999999744,13.6978633352,161.1553621386,6,70.59,11.765000000023631,9.3437233368,109.9289050575,10.35414,121.816457,"0.05%",0,0,"0.00%"
"Food","Grocery and Dry Goods","Red, Rice","Rice, Red (Pound)",1.565,65,101.725,60,93.9,1.565,105,164.325,20,31.3,"0.01%",0,0,"0.00%"
"Food","Grocery and Dry Goods","Rice Paper","Pack",2.2273000000014824,100.346143658,223.5009657695,176,392,2.2273000000007794,127.1805414456,283.2692199618,149.165602,332.231746,"0.15%",0,0,"0.00%"
"Food","Grocery and Dry Goods","Rice, Brown","Pound",0.72,75,54,100,72,0.72,120,86.4,55,39.6,"0.02%",0,0,"0.00%"
"Food","Grocery and Dry Goods","Rice, Jasmine","Pound",0.9189999998825586,412.4828877984,379.0717738867,650,597.35,0.9190000001334788,333.0582531827,306.0805346749,729.424635,670.341239,"0.30%",0.0912258372,0.0838365443868,"0.01%"
"Food","Grocery and Dry Goods","Rock Candy(Bag) 50*14OZ","Case (50 Each)",54,1.0007619619,54.0411459426,2,108,54,2.0015239238,108.0822918852,0.999238,53.958854,"0.02%",0,0,"0.00%"
"Food","Grocery and Dry Goods","Sauce, Chili Garlic","Gallon",16.333299998566844,7.6180370562,124.4276846501,6,98,16.333299993767543,7.3171383466,119.5130157565,6.300899,102.914669,"0.05%",0,0,"0.00%"
"Food","Grocery and Dry Goods","Sauce, Fish","Fluid Ounce",0.23680000000326668,1277.9676863221,302.6227481211,455.999991,108,0.2367999999951859,1120.8573580809,265.4190223935,613.110319,145.203726,"0.06%",1.8372832324,0.43506866943232,"0.30%"
"Food","Grocery and Dry Goods","Sauce, Hoisin","Pound",1.9333000000111,45.719583332,88.3896704558,30,38.5,1.28329999999732,56.666666664,72.7203333299,19.052917,54.169337,"0.02%",0,0,"0.00%"
"Food","Grocery and Dry Goods","Sauce, Soy GF(Don't use)","Sauce, Soy GF LLK (Gallon)",30.379700000030617,2.669881233,81.1101908942,0,0,30.379700000020865,1.1000693052,33.4197754712,1.569812,47.690415,"0.02%",0.0976562466,2.96676747483402,"6.22%"
"Food","Grocery and Dry Goods","Sauce, Soy Tamari","Gallon",19.719999999944722,11.7356791015,231.4275918816,10,197.2,19.719999994166233,21.9930215711,433.7023853814," -0.257342"," -5.074793","0.00%",0,0,"0.00%"
"Food","Grocery and Dry Goods","Sauce, Sweet Chili","Ounce",0.11270000000070801,1718.1075457238,193.6307204032,3059.999959,349.5,0.11760000000016348,2088.7834955723,245.6409390793,2689.324009,297.489781,"0.13%",0,0,"0.00%"
"Food","Grocery and Dry Goods","Sauce, Worcestershire GAL","Gallon",10.1225,3,30.3675,0,0,10.1225,2,20.245,1,10.1225,"0.00%",0,0,"0.00%"
"Food","Grocery and Dry Goods","Seasoning, Mushroom","Bag (17.63 Ounces)",3.9999999991951265,28.3546677528,113.4186710105,96,384,4.000000000799322,57.6241223951,230.4964895797,66.730545,266.922181,"0.12%",0.0979841715,0.391936686,"0.15%"
"Food","Grocery and Dry Goods","Soy Sauce Packets","Case",8.49,1,8.49,0,0,8.49,1,8.49,0,0,"0.00%",0,0,"0.00%"
"Food","Grocery and Dry Goods","Spice, Cardamom Whole","Ounce",2.4082,170,409.394,0,0,2.4082,100,240.82,70,168.574,"0.07%",0,0,"0.00%"
"Food","Grocery and Dry Goods","Spice, Cayenne Pepper","Pound",4.39,5,21.95,0,0,4.39,5,21.95,0,0,"0.00%",0,0,"0.00%"
"Food","Grocery and Dry Goods","Spice, Chili Powder(Gochugaru)","Pound",3.7,5.55,20.535,0,0,3.7,7.1,26.27," -1.55"," -5.735","0.00%",0,0,"0.00%"
"Food","Grocery and Dry Goods","Spice, Chinese 5 Spice","Ounce",0.13500000054434894,0.4340263001,0.0585935505,0,0,0.13499999912785762,0.7446314261,0.1005252425," -0.310605"," -0.041932","0.00%",0,0,"0.00%"
"Food","Grocery and Dry Goods","Spice, Cinnamon Sticks","Bag",7.5,5.0103586802,37.5776901015,26,195,7.5,23.5148706936,176.361530202,7.495488,56.21616,"0.02%",0,0,"0.00%"
"Food","Grocery and Dry Goods","Spice, Cloves Whole","Ounce",0.782099999159713,8.8271122452,6.903684487,56,43.8,0.7820999994403486,54.1901775012,42.3821378237,10.636935,8.321547,"0.00%",0,0,"0.00%"
"Food","Grocery and Dry Goods","Spice, Coriander Ground","Ounce",8.87999999997165,0.705479814,6.2646607483,80,20.39,0.2548999999630039,0.705479814,0.1798268046,80,26.474834,"0.01%",0.2821919256,2.505864299328,"9.47%"
"Food","Grocery and Dry Goods","Spice, Coriander Whole","Pound",3.2492000011009123,18.5397062623,60.2392135875,0,0,3.249199999143842,25.2333110069,81.9880741233," -6.693605"," -21.748861"," -0.01%",0.0454760594,0.14776081220248," -0.68%"
"Food","Grocery and Dry Goods","Spice, Fennel Seed","Pound",3.2771999937800116,43.1481336525,141.4050636059,0,0,3.27720000023804,55.8570532358,183.0547348644," -12.70892"," -41.649671"," -0.02%",0,0,"0.00%"
"Food","Grocery and Dry Goods","Spice, Garlic Powder","Pound",6.7899999979011625,13.4887004299,91.5882759185,5,33.95,6.7900000106228,10.3412594376,70.217151582,8.147441,55.321124,"0.02%",0.0343497493,0.233234797747,"0.42%"
"Food","Grocery and Dry Goods","Spice, Ginger Ground","Pound",5.789999999896851,1.249626723,7.2353387261,4,23.16,5.789999999558084,1.027719874,5.9504980699,4.221907,24.444841,"0.01%",0.0921532794,0.533567487726,"2.18%"
"Food","Grocery and Dry Goods","Spice, Korean Chili Flakes","Bag",0,1.2502211671,0,0,0,0,2.7631482136,0," -1.512927",0,"0.00%",0,0,"0.00%"
"Food","Grocery and Dry Goods","Spice, Kosher Salt","Pound",1.3827999999171945,1.6459792063,2.2760600465,0,0,1.3827999994907259,1.148881044,1.5886727075,0.497098,0.687387,"0.00%",0.0798226076,0.11037870178928,"16.06%"
"Food","Grocery and Dry Goods","Spice, MSG","Pound",1.7576999994125362,97.3727415109,171.1520677535,88.1848,155,1.7577000000623981,64.9079451631,114.0886952132,120.649596,212.063373,"0.09%",0.2857640781,0.50228752007637,"0.24%"
"Food","Grocery and Dry Goods","Spice, Onion Powder","Pound",5.189999999455839,13.0223707672,67.5861042817,5,25.95,5.190000000358205,11.5599712476,59.9962507748,6.4624,33.539854,"0.01%",0.034209689,0.17754828591,"0.53%"
"Food","Grocery and Dry Goods","Spice, Pepper Black Ground","Pound",7.18999999700887,14.0087129345,100.722645998,10,71.9,7.190000005258522,17.9463069022,129.0339466262,6.062406,43.588699,"0.02%",0.0606381577,0.435988353863,"1.00%"
"Food","Grocery and Dry Goods","Spice, Pepper Red Crushed","Pound",4.999399999946496,38.9331810493,194.6425453378,64,329.96,5.155600000010237,14.6654645153,75.6092688549,88.267717,448.993276,"0.20%",0,0,"0.00%"
"Food","Grocery and Dry Goods","Spice, Salt Bulk","Pound",0.25899999955356656,11.5050152426,2.9797989478,0,0,0.2589999996677691,12.1065720106,3.1356021505," -0.601557"," -0.155803","0.00%",0.06599942415,0.01709385085485," -10.97%"
"Food","Grocery and Dry Goods","Spice, Sea Salt","Pound",0.9503999997269011,72.8692115554,69.254898662,100,93.48,0.9348000038400981,118.6272287045,110.8927333931,54.241983,51.842165,"0.02%",0.0781596066,0.07428289011264,"0.14%"
"Food","Grocery and Dry Goods","Spice, Sesame Seed White","Pound",4.41800000003927,11.1690077313,49.344676157,10,44.18,4.418000000100916,17.1620049926,75.8217380573,4.007003,17.702938,"0.01%",0.1587329568,0.7012822031424,"3.96%"
"Food","Grocery and Dry Goods","Spice, Star Anise","Each (Pound)",7.933299957579124,3.3412159661,26.5068686234,19.5,154.7,7.933299998796914,12.3452008573,97.9381819612,10.496015,83.268687,"0.04%",0,0,"0.00%"
"Food","Grocery and Dry Goods","Spice, Turmeric Ground","Pound",9.629999999740805,0.0617294832,0.5944549232,0,0,9.629999999740805,0.1851884496,1.7833647696," -0.123459"," -1.18891","0.00%",0,0,"0.00%"
"Food","Grocery and Dry Goods","Spirulina Blue Powder","Each",59.88999998630944,0.6049401228,36.2298639515,0,0,59.88999998738942,1.0582572006,63.3790237425," -0.453317"," -27.14916"," -0.01%",0,0,"0.00%"
"Food","Grocery and Dry Goods","Sriracha - Sauce Bottles","Each",6.5225,17,110.8825,0,0,6.5225,12,78.27,5,32.6125,"0.01%",0,0,"0.00%"
"Food","Grocery and Dry Goods","Sriracha - Sauce Packets","Case",48.75,5,243.75,19,370.5,48.75,11,536.25,13,78,"0.03%",0,0,"0.00%"
"Food","Grocery and Dry Goods","Strawberries, Frozen","Case (30 Pounds)",51.88999999803907,4.9954111003,259.2118819933,7,363.23,51.890000011084865,4.996577948,259.2724297231,6.998833,363.169452,"0.16%",0,0,"0.00%"
"Food","Grocery and Dry Goods","Sugar, Granulated","Pound",0.6789999999183891,185.714112175,126.0998821667,350,237.65,0.6790000001159966,221.8349856973,150.6259552887,313.879126,213.123927,"0.09%",0.3662109264,0.2486572190256,"0.12%"
"Food","Grocery and Dry Goods","Sweet Potato Noodle (Japchae)","Pound",0,0,0,22.5,60,0,0,0,22.5,60,"0.03%",0.50793650395,1.354514275083465,"2.26%"
"Food","Grocery and Dry Goods","Syrup, Cane Sugar","Bottle",24.750000000414673,7.0793698294,175.2144032771,0,0,24.750000001168733,10.4898140681,259.6228981864," -3.410444"," -84.408495"," -0.04%",0.0690195968,1.7082350208," -2.02%"
"Food","Grocery and Dry Goods","Syrup, Coconut","Gallon",9.74749999990784,1.334940622,13.0123337129,0,0,9.74750000011264,0.5500346568,5.3614628172,0.784906,7.650871,"0.00%",0.0488281244,0.475952142589,"6.22%"
"Food","Grocery and Dry Goods","Tapioca Pearls","Bag",8.724999999927352,14.4160195494,125.7797705685,0,0,8.72499999972526,13.5163220032,117.9299094779,0.899698,7.849861,"0.00%",0,0,"0.00%"
"Food","Grocery and Dry Goods","Tapioca, Pearls Small","Case",69.8,3,209.4,0,0,69.8,3.05,212.89," -0.05"," -3.49","0.00%",0,0,"0.00%"
"Food","Grocery and Dry Goods","Tofu, Firm","Pack",2.515799999999816,144.0000000336,362.2752000845,180,452.85,2.515799999999965,144.0000000384,362.2752000966,180,452.85,"0.20%",56.0000000144,140.88480003622752,"31.11%"
"Food","Grocery and Dry Goods","Tortilla, Corn 6"" ","Each",0.07060000000019216,1257.3958330495,88.7721458133,1439.999988,86.72,0.060200000000420716,1462.164045968,88.0222755673,1235.231776,87.46987,"0.04%",0,0,"0.00%"
"Food","Grocery and Dry Goods","Vinegar, Rice Wine","Gallon",9.2499999941701,1.0684818648,9.8834572489,0,0,9.2499999941701,5.0541877374,46.7512365707," -3.985706"," -36.867779"," -0.02%",0,0,"0.00%"
"Food","Grocery and Dry Goods","Vinegar, White","Gallon",0,1.3042510492,0,0,0,0,2.5679285978,0," -1.263678",0,"0.00%",0,0,"0.00%"
"Food","Grocery and Dry Goods","Water, Tap","Gallon",0,82.8612046342,0,0,0,0,93.7547933496,0," -10.893589",0,"0.00%",0.3335294118,0,"0.00%"
"Food","Grocery and Dry Goods","White Vinegar","Gallon",2.987499999995892,6.7652345632,20.2111382575,24,71.7,2.9875000000270173,13.2063622967,39.4540073614,17.558872,52.457131,"0.02%",0.145833352,0.4356771391,"0.83%"
"Food","Grocery and Dry Goods","Xanthan Gum","Pound",22.22149997378039,0.0879797977,1.9550430725,2.20462,48.99,22.221500009189946,0.2785585327,6.1899884356,2.014041,44.755055,"0.02%",0.0181557304,0.4034475630836,"0.90%"
"Food","Grocery and Dry Goods","[RP-R] Oxtail Bone Broth — batch","Batch",1524.1,0.6187,942.96067,0,0,1524.1,0.6187,942.96067,0,0,"0.00%",0,0,"0.00%"
"Food","Grocery and Dry Goods","[RP] Chicken & Shrimp Egg Rolls (Tray)","40 Pieces",11.79,7.4508,87.844932,0,0,0,0,0,7.4508,87.844932,"0.04%",0,0,"0.00%"
"Food","Grocery and Dry Goods","[RP] Oxtail Bone Broth Bag","Bag",12.7,30.935,392.8745," -41.4529"," -548.520859",12.7,47.0212,597.16924," -57.5391"," -752.815599"," -0.33%",0,0,"0.00%"
"Food","Grocery and Dry Goods","[RP] Pickled Medley - Prepped","Container",22.030000000012,0.37104166651825,8.1740479134015,0,0,22.030000000012,0.4452499998219,9.8088574960818," -0.074208"," -1.63481","0.00%",0,0,"0.00%"
"Food","Grocery and Dry Goods","[RP] Tray Veggie Egg Rolls","40 Each",12.11,16.2294,196.538034,0,0,0,0,0,16.2294,196.538034,"0.09%",1.18032,14.222856,"7.24%"
"Food","Grocery and Dry Goods","Rice Paper (Eggroll)","Case",0,0,0,0,0,0,0,0,0,0,"0.00%",0.04309605825,4.3957979415,"0.00%"
"Food","Meat","Beef, Brisket","Pound",6.439999999999942,158.9212495314,1023.4528469822,1385.8,8924.55,6.440000000000209,152.0456416006,979.1739319079,1392.675608,8968.828915,"3.98%",58.3333333345,375.66666667418,"4.19%"
"Food","Meat","Beef, Eye Round","Pound",7.179899999999446,627.3149350857,4504.0585024215,117.5,843.65,7.179999999999919,491.477272743,3528.8068182947,253.337662,1818.901684,"0.81%",0,0,"0.00%"
"Food","Meat","Beef, Knuckle Bones","Pound (Pound)",0,0,0,164.37,359.97,0,0,0,164.37,359.97,"0.16%",0,0,"0.00%"
"Food","Meat","Beef, Neck Bones","Pound",0,0,0,154.18,337.65,0,0,0,154.18,337.65,"0.15%",0,0,"0.00%"
"Food","Meat","Beef, Oxtail","Pound",0,0,0,132.2,1109.16,0,0,0,132.2,1109.16,"0.49%",0,0,"0.00%"
"Food","Meat","Beef, Shank","Pound",0,0,0,845.6,6663.33,0,0,0,845.6,6663.33,"2.96%",0,0,"0.00%"
"Food","Meat","Chicken, Bones","Pound",0.74879999999996,200.00000016,149.7600001198,0,0,0.7488000000002457,140.000000112,104.8320000839,60,44.928,"0.02%",0,0,"0.00%"
"Food","Meat","Chicken, Ground","Chicken, Ground (Pound)",0,0,0,10,44.4,0,0,0,10,44.4,"0.02%",4.31785713855,19.171285695162,"43.18%"
"Food","Meat","Chicken, Leg & Thigh Boneless","Pound",3.05,427.86498444,1304.988202542,1600,4832,3.0499999999935783,430.1877765088,1312.0727183517,1597.677208,4824.915484,"2.14%",10,30.5,"0.63%"
"Food","Meat","Chicken, Wings","Pound",2.25,360,810,12040,2520,2.25,300,675,12100,2655,"1.18%",0,0,"0.00%"
"Food","Meat","Pork, Belly","Pound",5.56,284.375,1581.125,318.64,1771.64,5.56,289.75,1611.01,313.265,1741.755,"0.77%",34.375,191.1284375,"10.97%"
"Food","Meat","Pork, Belly Skin","Pound",5.56,167.2905899,930.135679844,121.3,674.43,5.56,170.11623596,945.8462719376,118.474354,658.719408,"0.29%",0,0,"0.00%"
"Food","Meat","Pork, Ground","Pound",3.1700000000039963,62.502248694,198.13212836,21,66.57,3.1699999999990007,30.008994776,95.1285134399,53.493254,169.573615,"0.08%",12.1312217234,38.455972863178,"22.68%"
"Food","Meat","[RP-R] Oxtail Bone Broth — batch","Batch",1524.1,0.3316,505.39156,0,0,1524.1,0.3316,505.39156,0,0,"0.00%",0,0,"0.00%"
"Food","Meat","[RP] Brisket - Cooked 1lb (FOR INVENTORY)","Pound",10.73,498.5,5348.905," -412.5"," -4426.13",10.73,68.572,735.77756,17.428,186.99744,"0.08%",0,0,"0.00%"
"Food","Meat","[RP] Chicken & Shrimp Egg Rolls (Tray)","40 Pieces",11.79,3.4083,40.183857,0,0,0,0,0,3.4083,40.183857,"0.02%",0,0,"0.00%"
"Food","Meat","[RP] Oxtail Bone Broth Bag","Bag",12.7,16.58,210.566," -22.2172"," -293.986612",12.7,25.2016,320.06032," -30.8388"," -403.480932"," -0.18%",0,0,"0.00%"
"Food","Meat","[RP] Oxtail/Shank - Cooked 1lb (FOR INVENTORY)","Pound",14.97,262,3922.14," -209"," -3128.73",14.97,153.2,2293.404," -100.2"," -1499.994"," -0.67%",0,0,"0.00%"
"Food","Produce","Apple, Golden Delicious","Each",0.6009999995864359,0.0488437002,0.0293550638,0,0,0.6010000002016637,0.0976874003,0.0587101276," -0.048844"," -0.029355","0.00%",0,0,"0.00%"
"Food","Produce","Avocados, Fresh","Each",1.449,48,69.552,336.000001,456.85,1.3448,48,64.5504,336.000001,461.8516,"0.20%",0,0,"0.00%"
"Food","Produce","Basil, Fresh","Pound",7.95,5.38623738,42.820587171,17,135.15,7.949999998428107,8.4333005735,67.0447395589,13.952937,110.925848,"0.05%",0,0,"0.00%"
"Food","Produce","Bean Sprouts","Bag (10 Pounds)",7.95,10.408125,82.74459375,30,238.5,7.95,12.908125,102.61959375,27.5,218.625,"0.10%",0,0,"0.00%"
"Food","Produce","Beans, Green","Pound",1.6399999999997463,33.3520724495,54.6973988172,50,79.45,1.597999999999787,52.5247356324,83.9345275406,30.827337,50.212871,"0.02%",0,0,"0.00%"
"Food","Produce","Bok Choy, Baby","Pound",1.2400000000000075,94.3984239697,117.0540457224,424,480.75,1.4399999999996782,112.6909741266,162.2750027423,405.70745,435.529043,"0.19%",0,0,"0.00%"
"Food","Produce","Cabbage, Green","Count",1.4178999982158833,0.013676236,0.019391535,0,0,1.4178999982158833,0.027352472,0.03878307," -0.013676"," -0.019392","0.00%",0,0,"0.00%"
"Food","Produce","Cabbage, Napa","Each",4.416700000011533,4.7185576033,20.8404533666,18,73.5,3.9167000000029137,7.440334004,29.1415561936,15.278224,65.198897,"0.03%",0,0,"0.00%"
"Food","Produce","Cabbage, Red Shredded","Bag",11.750000000064027,3.2513712512,38.2036122016,6,70.5,11.749999999953793,1.9582576233,23.0095270738,7.293114,85.694085,"0.04%",0,0,"0.00%"
"Food","Produce","Carrots, Bulk","Pound",0.6999999998624603,170.4835026516,119.338451856,450,307,0.659000000071311,289.4963380603,190.7780867818,330.987165,235.560365,"0.10%",2.03174601915,1.422222213405,"0.60%"
"Food","Produce","Carrots, Shredded","Bag",13.95000000060479,0.082673415,1.1532941393,0,0,13.950000000362873,0.137789025,1.9221568988," -0.055116"," -0.768863","0.00%",0,0,"0.00%"
"Food","Produce","Cilantro, Fresh","Case",43,11.757110722,505.555761046,15,491.25,33.25,10.34346197,343.9201105025,16.413649,652.885651,"0.29%",0,0,"0.00%"
"Food","Produce","Cilantro, Sawtooth","Bag",13.5,1,13.5,4,67.5,13.5,3,40.5,2,40.5,"0.02%",0,0,"0.00%"
"Food","Produce","Cucumbers, Fresh","Each",0.7083000000014814,155.6583222446,110.2527896459,504,439.45,0.7082999999991403,280.3705347223,198.5864497438,379.287788,351.11634,"0.16%",0,0,"0.00%"
"Food","Produce","Culantro, Fresh","Each",1.49,0.6375,0.949875,0,0,1.49,0.159375,0.23746875,0.478125,0.712406,"0.00%",0,0,"0.00%"
"Food","Produce","Dill, Fresh","Pound",15.85,0.248020248,3.9311209308,2,31.7,15.84999999914618,0.0351362018,0.5569087985,2.212884,35.074212,"0.02%",0,0,"0.00%"
"Food","Produce","Fennel, Fresh","Each",0.8438,25.275,21.327045,24,61.75,2.5729,20.125,51.7796125,29.15,31.297433,"0.01%",0,0,"0.00%"
"Food","Produce","French Fries","Pound",3.2292,75,242.19,225,726.57,3.2292,125,403.65,175,565.11,"0.25%",0,0,"0.00%"
"Food","Produce","Garlic, Peeled","Jar",15.749999998742494,5.3012101942,83.4940605557,16,249.95,15.249999993479793,6.9797589799,106.4413244416,14.321451,227.002736,"0.10%",0.0576053066,0.90728357895,"0.40%"
"Food","Produce","Ginger, Fresh","Pound",1.2000000002406153,36.3993819153,43.6792582984,30,36,1.2000000001010538,35.0727035454,42.0872442545,31.326678,37.592014,"0.02%",0,0,"0.00%"
"Food","Produce","Leeks","Each",2.5624999866709186,0.0117224881,0.0300388756,0,0,2.5625000018660713,0.0234449761,0.0600777513," -0.011722"," -0.030039","0.00%",0,0,"0.00%"
"Food","Produce","Lemongrass, Fresh","Pound",1.950000000064799,9.624199683,18.7671893819,5,9.75,1.9499999999864404,8.5466895063,16.6660445373,6.07751,11.851145,"0.01%",0.018777284,0.0366157038,"0.31%"
"Food","Produce","Lemongrass, Frozen","Ounce",0.12139999999641074,894.9795983727,108.6505232425,559.999996,58.5,0.10450000000069405,849.8765887066,88.8121035199,605.103005,78.33842,"0.03%",0,0,"0.00%"
"Food","Produce","Lettuce, Green Leaf","Case",67.69999999869538,1.5884227815,107.5362223057,8,465.3,56.79999996534025,1.2107356955,68.7697875005,8.377687,504.066435,"0.22%",0,0,"0.00%"
"Food","Produce","Lettuce, Red Leaf","Case",59,1.13125,66.74375,2,111.55,54.75,1.0328125,56.546484375,2.098438,121.747266,"0.05%",0,0,"0.00%"
"Food","Produce","Limes, Fresh","Case",42,3.9648351688,166.5230770896,7,261.55,36,4.2439560472,152.7824176992,6.720879,275.290659,"0.12%",0,0,"0.00%"
"Food","Produce","Mint, Fresh","Pound",9.550000015478517,0.4646977899,4.437863894,8,76.4,9.54999999948972,0.6293955799,6.010727788,7.835302,74.827136,"0.03%",0,0,"0.00%"
"Food","Produce","Misc. Charges and Credits","",0,0,0,1,3.12,0,0,0,1,3.12,"0.00%",0,0,"0.00%"
"Food","Produce","Mushrooms, Royal Trumpet","Pound",3.272700000043344,5.8354802993,19.0977763755,55,180,3.272699999965947,13.6709605986,44.740952751,47.16452,154.356824,"0.07%",0,0,"0.00%"
"Food","Produce","Mushrooms, Shiitake","Pound",8.399999997329513,8.938363835,75.0822562138,5,42,8.400000000181494,12.3040149502,103.3537255813,1.634349,13.728531,"0.01%",0.0228064593,0.19157425812,"1.40%"
"Food","Produce","Mustard Greens","Each",2.729199999995759,23.3533869712,63.7360637217,36,106.5,2.958300000008916,29.3487908251,86.822527898,30.004596,83.413536,"0.04%",0,0,"0.00%"
"Food","Produce","Noodle, Rice Stick 802 Vermicelli (RP)","Bag",4.3594,63.75,277.91175,96,418.5,4.3594,73.125,318.781125,86.625,377.630625,"0.17%",0,0,"0.00%"
"Food","Produce","Onions, Green","Each",0.43650000000023664,817.8199261093,356.9783977468,1440.000002,612,0.42500000000273536,965.755921388,410.44626659,1292.064007,558.532131,"0.25%",0.6759822268,0.28729244639,"0.05%"
"Food","Produce","Onions, Red","Pound",1.0559999999457546,36.9183085158,38.9857337926,200,211.2,1.055999999962425,59.0648052863,62.3724343823,177.853503,187.813299,"0.08%",0.10158729945,0.1072761882192,"0.06%"
"Food","Produce","Onions, Yellow","Pound",0.715000000083326,82.325194353,58.8625139623,500,341.5,0.6750000000397786,207.7765541531,140.2491740534,374.54864,260.11334,"0.12%",0.50793650395,0.34285714016625,"0.13%"
"Food","Produce","Orange Juice Concentrated","Quart",11.245800000029497,14.352564124,161.4060656257,0,0,11.245799999779331,11.352564124,127.6686656256,3,33.7374,"0.01%",0.1410256496,1.58594625027168,"4.70%"
"Food","Produce","Parsley, Fresh","Each",1.25,1,1.25,6,8,1.3333,1,1.3333,6,7.9167,"0.00%",0,0,"0.00%"
"Food","Produce","Peppers, Green","Pound",1.9767000000002355,28.8518358844,57.0314239927,60,140.4,2.339999999997116,29.3432796639,68.6632744134,59.508556,128.76815,"0.06%",0,0,"0.00%"
"Food","Produce","Peppers, Jalapeno","Pound",1.4999999999640086,27.756720939,41.6350814084,20,38,1.9000000001583623,26.2030983571,49.7858868786,21.553623,29.849195,"0.01%",0,0,"0.00%"
"Food","Produce","Peppers, Orange","Pound",2.0045,11,22.0495,44,105.6,0,0,0,55,127.6495,"0.06%",0,0,"0.00%"
"Food","Produce","Peppers, Red","Pound",2.7900000000017324,13.8518358844,38.6466221175,0,0,2.789999999996292,21.8432796639,60.9427502622," -7.991444"," -22.296128"," -0.01%",0,0,"0.00%"
"Food","Produce","Potatoes, Sweet Jumbo","Case",21.98999999999112,2.688986917,59.1308223048,0,0,21.990000000014533,2.064317343,45.3943383726,0.62467,13.736484,"0.01%",0,0,"0.00%"
"Food","Produce","Radish, Daikon","Pound",0.7238000005337352,98.6778961352,71.4230612227,480,388,0.7738000002764371,282.790952207,218.8236388179,295.886944,240.599422,"0.11%",0,0,"0.00%"
"Food","Produce","Radish, Daikon Shredded","Pound",2.78,0.413367075,1.1491604685,0,0,2.78,0.688945125,1.9152674475," -0.275578"," -0.766107","0.00%",0,0,"0.00%"
"Food","Produce","Shallots, Peeled","Pound",4.269999999674997,12.4077809909,52.9812248307,5,21.35,4.269999999438556,11.5572055802,49.3492678274,5.850575,24.981957,"0.01%",0,0,"0.00%"
"Food","Produce","Squash, Chayote","Case",37.25000005118368,0.0009768738,0.0363885491,0,0,37.25,0.0019537476,0.0727770981," -0.000977"," -0.036389","0.00%",0,0,"0.00%"
"Food","Produce","Taro Root","Pound",0,0,0,100,144.55,0,0,0,100,144.55,"0.06%",2.03174601915,3.82984124609775,"2.65%"
"Food","Produce","Tomatoes, Grape","Pint",1.8125,12,21.75,72,161.75,2.2291999999988303,36.3958334325,81.1335918877,47.604167,102.366408,"0.05%",0,0,"0.00%"
"Food","Produce","Yams, Purple","Case",45.3,1.562995639,70.8037024467,3,135.9,45.3,1.688105781,76.4711918793,2.87489,130.232511,"0.06%",0,0,"0.00%"
"Food","Produce","[RP-R] Oxtail Bone Broth — batch","Batch",1524.1,0.0497,75.74777,0,0,1524.1,0.0497,75.74777,0,0,"0.00%",0,0,"0.00%"
"Food","Produce","[RP-R] Veggie Broth","Bag",8.54,195,1665.3," -17"," -126.71",8.54,131,1118.74,47,419.85,"0.19%",0,0,"0.00%"
"Food","Produce","[RP] Chicken & Shrimp Egg Rolls (Tray)","40 Pieces",11.79,4.8468,57.143772,0,0,0,0,0,4.8468,57.143772,"0.03%",0,0,"0.00%"
"Food","Produce","[RP] Oxtail Bone Broth Bag","Bag",12.7,2.485,31.5595," -3.3299"," -44.062529",12.7,3.7772,47.97044," -4.6221"," -60.473469"," -0.03%",0,0,"0.00%"
"Food","Produce","[RP] Pickled Medley - Prepped","Container",22.030000000012,1.71229166598175,37.7217854015985,0,0,22.030000000012,2.0547499991781,45.2661424819182," -0.342458"," -7.544357","0.00%",0,0,"0.00%"
"Food","Produce","[RP] Tray Veggie Egg Rolls","40 Each",12.11,5.7706,69.881966,0,0,0,0,0,5.7706,69.881966,"0.03%",0.41968,5.057144,"7.24%"
"Food","Seafood","Misc. Charges and Credits","",0,0,0,1,10.5,0,0,0,1,10.5,"0.00%",0,0,"0.00%"
"Food","Seafood","Salmon, Trim","Pound",2,234.9408686557,469.8817373114,160,320,2.00000000001092,151.6239316244,303.2478632489,243.316937,486.633874,"0.22%",0,0,"0.00%"
"Food","Seafood","Shrimp, 21/25 P&D","Pound",6.895,65.4,450.933,410,2826.95,6.894999999989042,84.9720000017,585.8819400116,390.428,2692.00106,"1.19%",0.71785713855,4.94962497030225,"0.18%"
"Food","Seafood","[RP] Chicken & Shrimp Egg Rolls (Tray)","40 Pieces",11.79,5.2941,62.417439,0,0,0,0,0,5.2941,62.417439,"0.03%",0,0,"0.00%"
"N/A Bev","NA Beverages","Cafe Du Monde","Can",8.083299999993526,37.5833333392,303.7973583807,0,0,8.083299999963327,41.3125000068,333.9413313049," -3.729167"," -30.143973"," -0.43%",0,0,"0.00%"
"N/A Bev","NA Beverages","Coffee, Trung Nguyen","Box",7.4749999999941075,21.9427083371,164.0217448198,0,0,7.475000000014451,14.8906250037,111.3074219027,7.052083,52.714323,"0.76%",0,0,"0.00%"
"N/A Bev","NA Beverages","Creamer, Sweet & Creamy","Fluid Ounce",0.13739999999968305,244.5000000672,33.5943000092,767.99999,105.5,0.13739999999980593,397.5000000992,54.6165000136,614.99999,84.4778,"1.22%",0,0,"0.00%"
"N/A Bev","NA Beverages","Honey","Bottle",24.31999999942735,4.9368895506,120.0651538705,4,83.8,20.949999998794393,7.1364457675,149.5085388292,1.800444,54.356615,"0.78%",0,0,"0.00%"
"N/A Bev","NA Beverages","Lemon Juice","Each",7.250000000568889,0.1493010118,1.0824323356,0,0,7.25,0.1445089996,1.0476902471,0.004792,0.034742,"0.00%",0,0,"0.00%"
"N/A Bev","NA Beverages","Lime Juice","Gallon",20.447499999851498,5.6505999103,115.5406416658,4,65.43,16.357499995877944,4.3144314486,70.5733124197,5.336168,110.397329,"1.59%",0.1146154041,1.87482147256575,"1.70%"
"N/A Bev","NA Beverages","Matcha Powder","Bag",169,0.2739383517,46.2955814373,48,296,6.166700003446434,4.2796076827,26.3910566968,43.994331,315.904525,"4.55%",0,0,"0.00%"
"N/A Bev","NA Beverages","Milk, Condensed","Can",3.5000000000010885,63.7343750147,223.0703125515,48,168,3.500000000000737,56.4531250217,197.585937576,55.28125,193.484375,"2.79%",0,0,"0.00%"
"N/A Bev","NA Beverages","Misc. Charges and Credits","",0,0,0,1,17.99,0,0,0,1,17.99,"0.26%",0,0,"0.00%"
"N/A Bev","NA Beverages","Sago","Bag",0,0,0,120,177,0,0,0,120,177,"2.55%",0,0,"0.00%"
"N/A Bev","NA Beverages","Syrup, Golden Cane Sugar","Jug (Each)",0,0,0,3,290,0,0,0,3,290,"4.18%",0,0,"0.00%"
"N/A Bev","NA Beverages","Tea, Jasmine","Bag",3.5999999999238095,10.8149744014,38.933907845,0,0,3.6000000000410255,11.6449872026,41.9219539294," -0.830013"," -2.988046"," -0.04%",0,0,"0.00%"
"N/A Bev","NA Beverages","Tea, Thai","Bag",5,15.6328125,78.1640625,40,200,5,41.0078125,205.0390625,14.625,73.125,"1.05%",0,0,"0.00%"
"N/A Bev","NA Beverages","Tea, Wild Berry","Pound",18.339999999994472,26.2928016794,482.2099828002,0,0,18.340000000034408,19.8261512132,363.6116132501,6.46665,118.59837,"1.71%",0,0,"0.00%"
"N/A Bev","NA Beverages","Vita Coconut Water 33.8oz","Each",3.7500000001127343,14.2873218628,53.5774569856,72,270,3.750000000107506,38.5100060812,144.4125228046,47.777316,179.164934,"2.58%",0,0,"0.00%"
"N/A Bev","NA Beverages","Water, Fiji","Each",1.1042,49.2,54.32664,144,159,1.1042,53,58.5226,140.2,154.80404,"2.23%",0,0,"0.00%"
"N/A Bev","NA Beverages","Water, San Pellegrino Sparkling","Each",1.1646,64,74.5344,144,167.7,1.1646,64,74.5344,144,167.7,"2.42%",0,0,"0.00%"
"N/A Bev","NA Beverages","[RP] Mango Sago Jar Case","Case",0,0,0," -30"," -444.3",0,0,0," -30"," -444.3"," -6.40%",0,0,"0.00%"
"N/A Bev","NA Beverages","[RP] Strawberry Matcha Jar Case","Case",0,0,0," -23"," -325.84",0,0,0," -23"," -325.84"," -4.70%",0,0,"0.00%"
"Other","Cleaning Supplies","Advantage Chemicals 5 Gallon Liquid Dish Soap","Gallon",0,0,0,10,100.34,0,0,0,10,100.34,"14.48%",0,0,"0.00%"
"Other","Cleaning Supplies","Advantage Supplies 57"" Quick Release Metal Mop Handle","Each",0,0,0,1,5.94,0,0,0,1,5.94,"0.86%",0,0,"0.00%"
"Other","Cleaning Supplies","Bamllum 3 Pairs Of Rubber Dishwashing Gloves For Kitchen And Household Cleaning - Long Cuff 16"", Reusable, Flexible Long-lasting And Non-Slip (Medium/ Pink+Blue+White)","Each",0,0,0,1,9.49,0,0,0,1,9.49,"1.37%",0,0,"0.00%"
"Other","Cleaning Supplies","Bamllum Rubber Kitchen Dishwashing Gloves - 4 Pairs Colorful Reusable Household Cleaning Gloves For Washing Dishes And Cleaning Task Flexible Long Lasting and Non Slip Large Blue + Pink+ Yellow + Red","Each",0,0,0,1,6.94,0,0,0,1,6.94,"1.00%",0,0,"0.00%"
"Other","Cleaning Supplies","Choice 100g Large Stainless Steel Scrubber- 12/Pack","12 Each",0,0,0,1,13.99,0,0,0,1,13.99,"2.02%",0,0,"0.00%"
"Other","Cleaning Supplies","Glade Automatic Spray Air Freshener Refills, Scented Air Freshener For Home and Bathroom, Clean Linen, 6.2 OZ, 3 Count","2 Each",0,0,0,4,109.96,0,0,0,4,109.96,"15.87%",0,0,"0.00%"
"Other","Cleaning Supplies","Lavex 60"" Black Quick Release Metal Mop Handle","Each",0,0,0,1,9.77,0,0,0,1,9.77,"1.41%",0,0,"0.00%"
"Other","Cleaning Supplies","Misc. Charges and Credits","",0,0,0,1,17.68,0,0,0,1,17.68,"2.55%",0,0,"0.00%"
"Other","Cleaning Supplies","Noble Chemical 2.5 Gallon / 320 OZ. Step & Shine Concentrated Floor Cleaner","5 Gallons",0,0,0,2,104.92,0,0,0,2,104.92,"15.14%",0,0,"0.00%"
"Other","Cleaning Supplies","Nukleen, Oven /Grill Cleaner","Each",0,0,0,12,49.49,0,0,0,12,49.49,"7.14%",0,0,"0.00%"
"Other","Cleaning Supplies","Sponge, Green Heavy-Duty","Pack",0,0,0,1,5.49,0,0,0,1,5.49,"0.79%",0,0,"0.00%"
"Other","Cleaning Supplies","Trash Bag, Lavex Pro","Case",0,0,0,3,92.97,0,0,0,3,92.97,"13.42%",0,0,"0.00%"
"Other","Furniture & Equipment","Lavex 250 Watt Coated Infrared Heat Lamp Bulb","6 Each",0,0,0,2,13.98,0,0,0,2,13.98,"2.02%",0,0,"0.00%"
"Other","Furniture & Equipment","Misc. Charges and Credits","",0,0,0,1,0.57,0,0,0,1,0.57,"0.08%",0,0,"0.00%"
"Other","Kitchen Utensils and Supplies","624 Heavy Aluminium Foil","9000 Each",0,0,0,1,59.95,0,0,0,1,59.95,"8.65%",0,0,"0.00%"
"Other","Kitchen Utensils and Supplies","CHOICE Full-Size Steam Pan Lids","50 Each",34.99,4,139.96,0,0,34.99,4,139.96,0,0,"0.00%",0,0,"0.00%"
"Other","Kitchen Utensils and Supplies","CHOICE Half-Size Steam Pan Lids","Case",35.5,3.5,124.25,0,0,35.5,3.5,124.25,0,0,"0.00%",0,0,"0.00%"
"Other","Kitchen Utensils and Supplies","CHOICE Half-Size Steam Pans","Case (100 Each)",54.95,3.5,192.325,0,0,54.95,3.5,192.325,0,0,"0.00%",0,0,"0.00%"
"Other","Kitchen Utensils and Supplies","Cambro 10CWC135 Camwear Full Size Clear Polycarbonate flat lid","Each",0,0,0,6,59.94,0,0,0,6,59.94,"8.65%",0,0,"0.00%"
"Other","Kitchen Utensils and Supplies","Cambro 12189CW 135 Camwear 18""X12""X9"" Clear Food Stroage Box","Each",0,0,0,6,119.94,0,0,0,6,119.94,"17.31%",0,0,"0.00%"
"Other","Kitchen Utensils and Supplies","Cambro CamSquares ; 12, 18, And 22 Qt. Translucent Square Polypropylene Food Storage Container Seal Lid","22 Quarts",0,0,0,0,257.88,0,0,0,0,257.88,"37.22%",0,0,"0.00%"
"Other","Kitchen Utensils and Supplies","Cambro CamSquares® Classic 22 Qt. Allergen-Free Clear Square Polycarbonate Food Storage Container","22 Quarts",0,0,0,12,321.6,0,0,0,12,321.6,"46.42%",0,0,"0.00%"
"Other","Kitchen Utensils and Supplies","Cambro Camwear® Full Size Clear Polycarbonate GripLid 10CWGL135","6 Each",0,0,0,1,114.49,0,0,0,1,114.49,"16.53%",0,0,"0.00%"
"Other","Kitchen Utensils and Supplies","Choice 1/4"" X8 1/4 Size Footed Cooling Rack /Pen Grate for Steam","Each",0,0,0,1,1.49,0,0,0,1,1.49,"0.22%",0,0,"0.00%"
"Other","Kitchen Utensils and Supplies","Choice 10"" x 18"" Full Size Footed Pan Grate For Steam Table Pan","Each",0,0,0,1,3.59,0,0,0,1,3.59,"0.52%",0,0,"0.00%"
"Other","Kitchen Utensils and Supplies","Choice 8'x 10' 1/2 Footed Pan Grate For Steam Table Pan","Each",0,0,0,1,1.99,0,0,0,1,1.99,"0.29%",0,0,"0.00%"
"Other","Kitchen Utensils and Supplies","Chopsticks","Case",28.99,4,115.96,0,0,28.99,3,86.97,1,28.99,"4.18%",0,0,"0.00%"
"Other","Kitchen Utensils and Supplies","Cutlery Exchange Program","Each",0,0,0,1,63.35,0,0,0,1,63.35,"9.14%",0,0,"0.00%"
"Other","Kitchen Utensils and Supplies","Jar Lids, Gold (old, need to delete)","Case",175,0.03,5.25,0,0,175,0.076,13.3," -0.046"," -8.05"," -1.16%",0,0,"0.00%"
"Other","Kitchen Utensils and Supplies","Misc. Charges and Credits","",0,0,0,1,52.82,0,0,0,1,52.82,"7.62%",0,0,"0.00%"
"Other","Kitchen Utensils and Supplies","Ramekin Lids (1.5oz-2.5oz)","Case",21,3.6064,75.7344,4,81.5,18.5,3.9296,72.6976,3.6768,84.5368,"12.20%",0,0,"0.00%"
"Other","Kitchen Utensils and Supplies","Scrubble By ACS GB12-TSH 8"" x 4"" x 3 1/2"" Grill Brick -12/Case","12 Each",0,0,0,1,31.49,0,0,0,1,31.49,"4.55%",0,0,"0.00%"
"Other","Kitchen Utensils and Supplies","Vigor 1/4 Size Clear Polycarbonate Drain Tray","Each",0,0,0,6,13.14,0,0,0,6,13.14,"1.90%",0,0,"0.00%"
"Other","Kitchen Utensils and Supplies","Vigor Fil Size Poyiarbonatic Drain Tray","Each",0,0,0,6,41.94,0,0,0,6,41.94,"6.05%",0,0,"0.00%"
"Other","Kitchen Utensils and Supplies","Vollrath 47399 Jacob,s Pride #36 Beige Squeeze handle Disher 0.94OZ","Each",0,0,0,4,72.8,0,0,0,4,72.8,"10.51%",0,0,"0.00%"
"Other","Kitchen Utensils and Supplies","sani Lav 2081 60 Heavy  Duty steel Paddle","Case",0,0,0,1,139.99,0,0,0,1,139.99,"20.21%",0,0,"0.00%"
"Other","Office Printing and Supplies","Affisure Permanent Markers, 100 Packs Permanent Markers Bulk, Quick Dryingin One Second, Waterproof, Smooth, Noteasy To Erase, Durable, Can Be Markedon Glass, Tiles And Cloth, Office Supplies","100 Each",0,0,0,1,23.99,0,0,0,1,23.99,"3.46%",0,0,"0.00%"
"Other","Office Printing and Supplies","Bostitch Office B8 PowerCrown 0.25 Inch Staples, Pack of 30,000 Staples (STCRP21151/4-6), Silver","Each",0,0,0,1,10.98,0,0,0,1,10.98,"1.58%",0,0,"0.00%"
"Other","Office Printing and Supplies","Misc. Charges and Credits","",0,0,0,1,9.58,0,0,0,1,9.58,"1.38%",0,0,"0.00%"
"Other","Office Printing and Supplies","Perco Neon Green Round Circle Dot Sticker 2-Inch Labels with Perforation for Easy Tear-Off, 500 Stickers per Roll- in Stock, Ready & Promo Labels, High Visibility Strong Adhesive-Made in USA","500 Each",0,0,0,2,25.78,0,0,0,2,25.78,"3.72%",0,0,"0.00%"
"Other","Office Printing and Supplies","Scotch Painter's Tape 2060-1A 2060 Masking Tape, 1-Inch By 60-Yard, Green, 4 Pack","4 Each",0,0,0,1,16.58,0,0,0,1,16.58,"2.39%",0,0,"0.00%"
"Other","Office Printing and Supplies","Scotch Transparent Tape, Clear Tape Engineered for Office and Home Use, 3 Inche Core, 1 in x 2592 in, 3 Rolls","3 Each",0,0,0,5,82.7,0,0,0,5,82.7,"11.94%",0,0,"0.00%"
"Other","Paper (QSR)","916M Film","Each",0,0,0,1,27.5,0,0,0,1,27.5,"3.97%",0,0,"0.00%"
"Other","Paper and Packaging","32oz Bagasse Bowl 300PC","300 Each",65,3.5,227.5,1,65,65,3,195,1.5,97.5,"14.07%",0,0,"0.00%"
"Other","Paper and Packaging","32oz LIDS for Bagasse Bowl 300PC","300 Each",57,3.5,199.5,1,57,57,3,171,1.5,85.5,"12.34%",0,0,"0.00%"
"Other","Paper and Packaging","AN Utensil Packets","Each",11.18,1,11.18,1,11.18,11.18,1.3,14.534,0.7,7.826,"1.13%",0,0,"0.00%"
"Other","Paper and Packaging","CHOICE Take-Out Broth Bags","Case",18.99,3,56.97,2,38.98,18.99,2,37.98,3,57.97,"8.37%",0,0,"0.00%"
"Other","Paper and Packaging","Choice 160 oz. Beverage Take Out Counter","20 Each",100.99,2,201.98,0,0,100.99,2,201.98,0,0,"0.00%",0,0,"0.00%"
"Other","Paper and Packaging","Choice 96 OZ. Beverage Take-Out Container - 25/Case","25 Each",85.99,2,171.98,0,0,85.99,2,171.98,0,0,"0.00%",0,0,"0.00%"
"Other","Paper and Packaging","Jar Lids (8oz) (70/450)","Case",186.07,8.511,1583.64177,3,558.21,186.07,8.546,1590.15422,2.965,551.69755,"79.64%",0,0,"0.00%"
"Other","Paper and Packaging","Jars (8oz)","Case",6.400000000000917,257.9999999788,1651.1999998643,270,1771.2,6.560000000011632,235.3333333084,1543.7866665033,292.666667,1878.613333,"271.17%",0,0,"0.00%"
"Other","Paper and Packaging","Lavex Premium 3 1/2"" x 4 1/2"" Individually-Wrapped 2-Ply Standard 500 Sheet Toilet Paper Roll - 48/case","48 Each",36.49,2,72.98,1,36.49,36.49,1,36.49,2,72.98,"10.53%",0,0,"0.00%"
"Other","Paper and Packaging","Med Brown Paper Bag 10x7x13 250Ct Paper Handle - REG 10 7 13","250 Each",0,0,0,1,36,0,0,0,1,36,"5.20%",0,0,"0.00%"
"Other","Paper and Packaging","Misc. Charges and Credits","",0,0,0,1,27.48,0,0,0,1,27.48,"3.97%",0,0,"0.00%"
"Other","Paper and Packaging","Napkins, OneUp 2-Ply","Pack",1.4788,24,35.4912,48,70.98,1.4788,30,44.364,42,62.1072,"8.96%",0,0,"0.00%"
"Other","Paper and Packaging","Paper, Banh Mi Wrap(White)","Case",124.99,2,249.98," -1"," -124.99",124.99,1,124.99,0,0,"0.00%",0,0,"0.00%"
"Other","Paper and Packaging","Plastic Bottles (10oz)","Case",128.95999999983084,10.500000012,1354.0800015474,7,902.72,128.96000000011387,10.9583333466,1413.1866683777,6.541667,843.613333,"121.77%",0,0,"0.00%"
"Other","Paper and Packaging","ROLLPLAY Banh Mi Paper","Roll Play Banh Mi Paper (Case)",0,1,0,0,0,0,2,0," -1",0,"0.00%",0,0,"0.00%"
"Other","Paper and Packaging","ROLLPLAY Large Bowl Lids","Case (300 Each)",0,0,0,0,0,2.36,5.5,12.98," -5.5"," -12.98"," -1.87%",0,0,"0.00%"
"Other","Paper and Packaging","ROLLPLAY Large Bowls","Case (300 Each)",3.24,0.5,1.62,0,0,3.24,6.25,20.25," -5.75"," -18.63"," -2.69%",0,0,"0.00%"
"Other","Paper and Packaging","ROLLPLAY Medium Paper Bags","Case",3.84,4,15.36,6,23.04,3.84,5,19.2,5,19.2,"2.77%",0,0,"0.00%"
"Other","Paper and Packaging","ROLLPLAY Small Bowl Lids","Case",3.24,1,3.24,3,9.72,3.24,2,6.48,2,6.48,"0.94%",0,0,"0.00%"
"Other","Paper and Packaging","ROLLPLAY Small Bowls","Case",3.24,1,3.24,3,9.72,3.24,7,22.68," -3"," -9.72"," -1.40%",0,0,"0.00%"
"Other","Paper and Packaging","ROLLPLAY Utensil Packets","Each",11.18,2,22.36,3,33.54,11.18,1,11.18,4,44.72,"6.46%",0,0,"0.00%"
"Other","Paper and Packaging","Ramekins Cups (2oz)","Case",18.5,3.5264,65.2384,3,58,18.5,2.9296,54.1976,3.5968,69.0408,"9.97%",0,0,"0.00%"
"Other","Paper and Packaging","Sandwich Bags (Eggrolls)","Case",52.99,1,52.99,2,105.98,52.99,4,211.96," -1"," -52.99"," -7.65%",0,0,"0.00%"
"Other","Paper and Packaging","UNBRANDED Deli Containers (24oz)","Case",35,27,945,12,360,30,26.5,795,12.5,510,"73.62%",0,0,"0.00%"
"Other","Paper and Packaging","UNBRANDED Deli Containers (8oz)","Case",26,0.2,5.2,2,54,27,2.5,67.5," -0.3"," -8.3"," -1.20%",0,0,"0.00%"
"Other","Paper and Packaging","UNBRANDED Forks","Case",23.99,2,47.98,1,19.99,19.99,2,39.98,1,27.99,"4.04%",0,0,"0.00%"
"Other","Paper and Packaging","UNBRANDED Gloves (S, M, L, XL)","Box",2.4,32,76.8,100,226,2.4,84,201.6,48,101.2,"14.61%",0,0,"0.00%"
"Other","Paper and Packaging","UNBRANDED Large Bowl Lids (44oz)","Case",49,10.8,529.2,12,588,49,11.48,562.52,11.32,554.68,"80.07%",0,0,"0.00%"
"Other","Paper and Packaging","UNBRANDED Large Bowls (44oz)","Case",55,11.72,644.6,11,605,55,12.2,671,10.52,578.6,"83.52%",0,0,"0.00%"
"Other","Paper and Packaging","UNBRANDED Large Paper Bags (13x7x17)","Case",50,14,700,2,100,50,10,500,6,300,"43.30%",0,0,"0.00%"
"Other","Paper and Packaging","UNBRANDED Medium Paper Bags (10x6x12)","Case",36,28.5,1026,0,0,36,28,1008,0.5,18,"2.60%",0,0,"0.00%"
"Other","Paper and Packaging","UNBRANDED Pho Spoons","Case",11.99,19,227.81,12,143.88,11.99,15,179.85,16,191.84,"27.69%",0,0,"0.00%"
"Other","Paper and Packaging","UNBRANDED Rectangular Container (38oz) (Summer Rolls)","Case",32.5,15,487.5,2,72,36,17,612,0," -52.5"," -7.58%",0,0,"0.00%"
"Other","Paper and Packaging","UNBRANDED Small Bowl Lids (16-32oz)","Case",36.49,34.48,1258.1752,0,0,36.49,35.96,1312.1804," -1.48"," -54.0052"," -7.80%",0,0,"0.00%"
"Other","Paper and Packaging","UNBRANDED Small Bowls (24oz)","Case",39.58,37.16,1470.7928,0,0,39.58,37,1464.46,0.16,6.3328,"0.91%",0,0,"0.00%"
"Other","Paper and Packaging","UNBRANDED Utensil Packets","Case (500 Each)",52.99,19,1006.81,0,0,52.99,19,1006.81,0,0,"0.00%",0,0,"0.00%"
"Other","Paper and Packaging","UNBRANDED Wing Buckets","Case",35.7095,9.9,353.52405,6.3,221.97,35.35235,7.85,278.890975,8.35,296.603075,"42.81%",0,0,"0.00%"
"Other","Uniforms","Black Shirts - Extra Large","Each",3.46,7,24.22,0,0,3.46,7,24.22,0,0,"0.00%",0,0,"0.00%"
"Other","Uniforms","Black Shirts - Large","Each",3.22,14,45.08,0,0,3.22,14,45.08,0,0,"0.00%",0,0,"0.00%"
"Other","Uniforms","Black Shirts - Medium","Each",3.22,35,112.7,0,0,3.22,35,112.7,0,0,"0.00%",0,0,"0.00%"
"Other","Uniforms","Black Shirts - Small","Each",3.22,35,112.7,0,0,3.22,35,112.7,0,0,"0.00%",0,0,"0.00%"
"Other","Uniforms","CHOICE Black Hats","Each",4.29,20,85.8,0,0,4.29,20,85.8,0,0,"0.00%",0,0,"0.00%"
"Other","Uniforms","Choice Black 38 Mil Heavy Weight Vinyl Dishwasher Apron - 40"" X25"" - 4/ Pack","4 Each",0,0,0,1,34.99,0,0,0,1,34.99,"5.05%",0,0,"0.00%"
"Other","Uniforms","Misc. Charges and Credits","",0,0,0,1,1.44,0,0,0,1,1.44,"0.21%",0,0,"0.00%"